{
    "loss": 0.6177541017532349,
    "accuracy": 0.9482758641242981
}